policy,seed,episode,steps,reward,success,success_step,success_reason,time_s
sarsa,0,0,40,636.600000,0,,,0.001
sarsa,0,1,40,498.700000,0,,,0.001
sarsa,0,2,40,745.100000,0,,,0.001
sarsa,0,3,40,495.700000,0,,,0.001
sarsa,0,4,40,771.600000,0,,,0.001
sarsa,0,5,18,541.920000,1,17,reward_spike>=190,0.001
sarsa,0,6,40,599.500000,0,,,0.001
sarsa,0,7,33,935.370000,1,32,reward_spike>=190,0.001
sarsa,0,8,40,541.200000,0,,,0.001
sarsa,0,9,40,753.500000,0,,,0.001
sarsa,0,10,28,696.320000,1,27,reward_spike>=190,0.001
sarsa,0,11,19,525.910000,1,18,reward_spike>=190,0.001
sarsa,0,12,20,651.200000,1,19,reward_spike>=190,0.001
sarsa,0,13,40,1034.100000,0,,,0.001
sarsa,0,14,40,574.900000,0,,,0.001
sarsa,0,15,29,604.510000,1,28,reward_spike>=190,0.001
sarsa,0,16,39,1052.610000,1,38,reward_spike>=190,0.001
sarsa,0,17,40,677.900000,0,,,0.001
sarsa,0,18,40,907.400000,0,,,0.001
sarsa,0,19,40,766.100000,0,,,0.001
sarsa,0,20,40,675.400000,0,,,0.001
sarsa,0,21,32,882.380000,1,31,reward_spike>=190,0.001
sarsa,0,22,31,1091.790000,1,30,reward_spike>=190,0.001
sarsa,0,23,25,752.150000,1,24,reward_spike>=190,0.001
sarsa,0,24,29,709.410000,1,28,reward_spike>=190,0.001
sarsa,0,25,40,769.000000,0,,,0.001
sarsa,0,26,40,319.400000,0,,,0.001
sarsa,0,27,40,895.200000,0,,,0.001
sarsa,0,28,29,667.410000,1,28,reward_spike>=190,0.001
sarsa,0,29,34,1235.060000,1,33,reward_spike>=190,0.001
sarsa,0,30,40,947.700000,0,,,0.001
sarsa,0,31,37,880.430000,1,36,reward_spike>=190,0.001
sarsa,0,32,37,779.030000,1,36,reward_spike>=190,0.001
sarsa,0,33,40,758.800000,0,,,0.001
sarsa,0,34,30,594.400000,1,29,reward_spike>=190,0.001
sarsa,0,35,18,764.320000,1,17,reward_spike>=190,0.000
sarsa,0,36,40,453.400000,0,,,0.001
sarsa,0,37,30,589.600000,1,29,reward_spike>=190,0.001
sarsa,0,38,40,839.100000,0,,,0.001
sarsa,0,39,14,541.060000,0,,,0.000
sarsa,0,40,40,594.000000,0,,,0.001
sarsa,0,41,40,426.000000,0,,,0.001
sarsa,0,42,35,741.950000,1,34,reward_spike>=190,0.001
sarsa,0,43,40,695.400000,0,,,0.001
sarsa,0,44,40,620.600000,0,,,0.001
sarsa,0,45,40,759.200000,0,,,0.001
sarsa,0,46,28,866.320000,1,27,reward_spike>=190,0.001
sarsa,0,47,40,808.700000,0,,,0.001
sarsa,0,48,21,747.490000,1,20,reward_spike>=190,0.001
sarsa,0,49,20,471.800000,1,19,reward_spike>=190,0.001
sarsa,0,50,40,510.200000,0,,,0.001
sarsa,0,51,18,692.220000,1,17,reward_spike>=190,0.000
sarsa,0,52,40,556.100000,0,,,0.001
sarsa,0,53,40,571.500000,0,,,0.001
sarsa,0,54,40,752.000000,0,,,0.001
sarsa,0,55,19,525.310000,1,18,reward_spike>=190,0.000
sarsa,0,56,21,641.190000,1,20,reward_spike>=190,0.001
sarsa,0,57,40,900.600000,0,,,0.001
sarsa,0,58,21,695.690000,1,20,reward_spike>=190,0.001
sarsa,0,59,40,867.700000,0,,,0.001
sarsa,0,60,29,670.910000,1,28,reward_spike>=190,0.001
sarsa,0,61,21,763.990000,1,20,reward_spike>=190,0.001
sarsa,0,62,21,653.590000,1,20,reward_spike>=190,0.001
sarsa,0,63,25,739.050000,1,24,reward_spike>=190,0.001
sarsa,0,64,34,787.760000,1,33,reward_spike>=190,0.001
sarsa,0,65,29,543.910000,1,28,reward_spike>=190,0.001
sarsa,0,66,40,681.300000,0,,,0.001
sarsa,0,67,12,467.480000,1,11,reward_spike>=190,0.000
sarsa,0,68,24,596.860000,1,23,reward_spike>=190,0.001
sarsa,0,69,34,769.060000,1,33,reward_spike>=190,0.001
sarsa,0,70,37,954.930000,1,36,reward_spike>=190,0.001
sarsa,0,71,21,650.990000,1,20,reward_spike>=190,0.001
sarsa,0,72,22,807.880000,1,21,reward_spike>=190,0.001
sarsa,0,73,33,843.870000,1,32,reward_spike>=190,0.001
sarsa,0,74,40,550.400000,0,,,0.001
sarsa,0,75,30,602.900000,1,29,reward_spike>=190,0.001
sarsa,0,76,40,709.900000,0,,,0.001
sarsa,0,77,40,863.800000,0,,,0.001
sarsa,0,78,40,807.800000,0,,,0.001
sarsa,0,79,40,651.100000,0,,,0.001
sarsa,0,80,20,692.400000,1,19,reward_spike>=190,0.001
sarsa,0,81,20,522.800000,1,19,reward_spike>=190,0.001
sarsa,0,82,19,692.610000,1,18,reward_spike>=190,0.000
sarsa,0,83,19,634.810000,1,18,reward_spike>=190,0.000
sarsa,0,84,21,538.390000,1,20,reward_spike>=190,0.001
sarsa,0,85,33,823.270000,1,32,reward_spike>=190,0.001
sarsa,0,86,40,522.600000,0,,,0.001
sarsa,0,87,23,485.570000,1,22,reward_spike>=190,0.001
sarsa,0,88,12,523.180000,1,11,reward_spike>=190,0.000
sarsa,0,89,40,629.300000,0,,,0.001
sarsa,0,90,40,974.300000,0,,,0.001
sarsa,0,91,23,598.470000,1,22,reward_spike>=190,0.001
sarsa,0,92,23,749.370000,1,22,reward_spike>=190,0.001
sarsa,0,93,34,954.860000,1,33,reward_spike>=190,0.001
sarsa,0,94,34,694.660000,1,33,reward_spike>=190,0.001
sarsa,0,95,15,634.250000,1,14,reward_spike>=190,0.000
sarsa,0,96,40,635.200000,0,,,0.001
sarsa,0,97,40,541.900000,0,,,0.001
sarsa,0,98,18,596.420000,1,17,reward_spike>=190,0.001
sarsa,0,99,33,1217.070000,1,32,reward_spike>=190,0.001
sarsa,0,100,40,917.600000,0,,,0.001
sarsa,0,101,18,578.920000,1,17,reward_spike>=190,0.001
sarsa,0,102,22,806.380000,1,21,reward_spike>=190,0.001
sarsa,0,103,34,758.860000,1,33,reward_spike>=190,0.001
sarsa,0,104,40,670.200000,0,,,0.001
sarsa,0,105,39,1207.110000,1,38,reward_spike>=190,0.001
sarsa,0,106,40,791.100000,0,,,0.001
sarsa,0,107,28,826.920000,1,27,reward_spike>=190,0.001
sarsa,0,108,20,821.700000,1,19,reward_spike>=190,0.001
sarsa,0,109,40,553.400000,0,,,0.001
sarsa,0,110,40,694.900000,0,,,0.001
sarsa,0,111,40,532.900000,0,,,0.001
sarsa,0,112,31,927.090000,1,30,reward_spike>=190,0.001
sarsa,0,113,40,631.600000,0,,,0.001
sarsa,0,114,40,696.600000,0,,,0.001
sarsa,0,115,32,756.580000,1,31,reward_spike>=190,0.001
sarsa,0,116,40,751.300000,0,,,0.001
sarsa,0,117,40,728.800000,0,,,0.001
sarsa,0,118,40,934.900000,0,,,0.001
sarsa,0,119,20,521.600000,1,19,reward_spike>=190,0.001
sarsa,0,120,16,692.040000,1,15,reward_spike>=190,0.000
sarsa,0,121,40,823.200000,0,,,0.001
sarsa,0,122,31,658.290000,1,30,reward_spike>=190,0.001
sarsa,0,123,32,764.080000,1,31,reward_spike>=190,0.001
sarsa,0,124,34,1048.560000,1,33,reward_spike>=190,0.001
sarsa,0,125,31,825.890000,1,30,reward_spike>=190,0.001
sarsa,0,126,36,969.040000,1,35,reward_spike>=190,0.001
sarsa,0,127,36,942.240000,1,35,reward_spike>=190,0.001
sarsa,0,128,29,714.910000,1,28,reward_spike>=190,0.001
sarsa,0,129,40,773.500000,0,,,0.001
sarsa,0,130,25,864.050000,1,24,reward_spike>=190,0.001
sarsa,0,131,40,863.200000,0,,,0.001
sarsa,0,132,26,823.840000,1,25,reward_spike>=190,0.001
sarsa,0,133,35,971.450000,1,34,reward_spike>=190,0.001
sarsa,0,134,37,928.230000,1,36,reward_spike>=190,0.001
sarsa,0,135,17,526.830000,1,16,reward_spike>=190,0.000
sarsa,0,136,29,843.010000,1,28,reward_spike>=190,0.001
sarsa,0,137,25,806.750000,1,24,reward_spike>=190,0.001
sarsa,0,138,40,796.800000,0,,,0.001
sarsa,0,139,31,669.590000,1,30,reward_spike>=190,0.001
sarsa,0,140,40,680.900000,0,,,0.001
sarsa,0,141,30,605.300000,1,29,reward_spike>=190,0.001
sarsa,0,142,32,984.580000,1,31,reward_spike>=190,0.001
sarsa,0,143,23,639.670000,1,22,reward_spike>=190,0.001
sarsa,0,144,33,673.070000,1,32,reward_spike>=190,0.001
sarsa,0,145,24,751.360000,1,23,reward_spike>=190,0.001
sarsa,0,146,25,862.850000,1,24,reward_spike>=190,0.001
sarsa,0,147,40,706.400000,0,,,0.001
sarsa,0,148,40,762.900000,0,,,0.001
sarsa,0,149,31,863.290000,1,30,reward_spike>=190,0.001
sarsa,0,150,24,747.960000,1,23,reward_spike>=190,0.001
sarsa,0,151,26,1033.740000,1,25,reward_spike>=190,0.001
sarsa,0,152,28,765.220000,1,27,reward_spike>=190,0.001
sarsa,0,153,20,766.300000,1,19,reward_spike>=190,0.001
sarsa,0,154,36,899.740000,1,35,reward_spike>=190,0.001
sarsa,0,155,40,792.900000,0,,,0.001
sarsa,0,156,40,926.400000,0,,,0.001
sarsa,0,157,40,942.200000,1,39,reward_spike>=190,0.001
sarsa,0,158,38,1124.620000,0,,,0.001
sarsa,0,159,32,1048.180000,1,31,reward_spike>=190,0.001
sarsa,0,160,24,746.960000,1,23,reward_spike>=190,0.001
sarsa,0,161,30,838.400000,1,29,reward_spike>=190,0.001
sarsa,0,162,37,915.030000,1,36,reward_spike>=190,0.001
sarsa,0,163,40,822.200000,0,,,0.001
sarsa,0,164,24,522.860000,1,23,reward_spike>=190,0.001
sarsa,0,165,21,821.390000,1,20,reward_spike>=190,0.001
sarsa,0,166,36,824.840000,1,35,reward_spike>=190,0.001
sarsa,0,167,29,938.810000,1,28,reward_spike>=190,0.001
sarsa,0,168,40,733.300000,0,,,0.001
sarsa,0,169,28,808.120000,1,27,reward_spike>=190,0.001
sarsa,0,170,15,634.850000,1,14,reward_spike>=190,0.000
sarsa,0,171,21,694.090000,1,20,reward_spike>=190,0.001
sarsa,0,172,40,583.300000,0,,,0.001
sarsa,0,173,28,920.120000,1,27,reward_spike>=190,0.001
sarsa,0,174,40,948.800000,1,39,reward_spike>=190,0.001
sarsa,0,175,32,991.380000,1,31,reward_spike>=190,0.001
sarsa,0,176,31,726.490000,1,30,reward_spike>=190,0.001
sarsa,0,177,35,828.650000,1,34,reward_spike>=190,0.001
sarsa,0,178,40,506.000000,0,,,0.001
sarsa,0,179,24,696.560000,1,23,reward_spike>=190,0.001
sarsa,0,180,39,1057.010000,1,38,reward_spike>=190,0.001
sarsa,0,181,40,1048.500000,0,,,0.001
sarsa,0,182,22,862.580000,1,21,reward_spike>=190,0.001
sarsa,0,183,36,1080.940000,1,35,reward_spike>=190,0.001
sarsa,0,184,27,804.830000,1,26,reward_spike>=190,0.001
sarsa,0,185,40,776.500000,0,,,0.001
sarsa,0,186,40,1284.700000,0,,,0.001
sarsa,0,187,23,806.470000,1,22,reward_spike>=190,0.001
sarsa,0,188,29,642.610000,1,28,reward_spike>=190,0.001
sarsa,0,189,20,577.600000,1,19,reward_spike>=190,0.000
sarsa,0,190,40,904.400000,0,,,0.001
sarsa,0,191,35,1037.450000,1,34,reward_spike>=190,0.001
sarsa,0,192,32,758.080000,1,31,reward_spike>=190,0.001
sarsa,0,193,34,1275.560000,1,33,reward_spike>=190,0.001
sarsa,0,194,23,579.370000,1,22,reward_spike>=190,0.001
sarsa,0,195,26,766.140000,1,25,reward_spike>=190,0.001
sarsa,0,196,22,766.880000,1,21,reward_spike>=190,0.001
sarsa,0,197,35,936.750000,1,34,reward_spike>=190,0.001
sarsa,0,198,40,836.100000,0,,,0.001
sarsa,0,199,14,649.960000,1,13,reward_spike>=190,0.000
sarsa,0,200,40,716.100000,0,,,0.001
sarsa,0,201,40,799.800000,0,,,0.001
sarsa,0,202,14,637.260000,1,13,reward_spike>=190,0.000
sarsa,0,203,29,859.310000,1,28,reward_spike>=190,0.001
sarsa,0,204,40,461.700000,0,,,0.001
sarsa,0,205,40,1116.200000,0,,,0.001
sarsa,0,206,30,728.100000,1,29,reward_spike>=190,0.001
sarsa,0,207,22,640.080000,1,21,reward_spike>=190,0.001
sarsa,0,208,26,992.440000,1,25,reward_spike>=190,0.001
sarsa,0,209,20,820.000000,1,19,reward_spike>=190,0.001
sarsa,0,210,28,765.720000,1,27,reward_spike>=190,0.001
sarsa,0,211,29,978.010000,1,28,reward_spike>=190,0.001
sarsa,0,212,40,1143.100000,0,,,0.001
sarsa,0,213,24,805.860000,1,23,reward_spike>=190,0.001
sarsa,0,214,35,816.950000,0,,,0.001
sarsa,0,215,35,1262.450000,1,34,reward_spike>=190,0.001
sarsa,0,216,28,785.320000,1,27,reward_spike>=190,0.001
sarsa,0,217,19,761.610000,1,18,reward_spike>=190,0.000
sarsa,0,218,21,864.290000,1,20,reward_spike>=190,0.001
sarsa,0,219,20,540.600000,0,,,0.000
sarsa,0,220,31,806.190000,1,30,reward_spike>=190,0.001
sarsa,0,221,40,841.100000,0,,,0.001
sarsa,0,222,28,878.120000,1,27,reward_spike>=190,0.001
sarsa,0,223,20,470.200000,1,19,reward_spike>=190,0.000
sarsa,0,224,40,969.400000,0,,,0.001
sarsa,0,225,40,540.500000,0,,,0.001
sarsa,0,226,40,621.300000,0,,,0.001
sarsa,0,227,28,977.820000,1,27,reward_spike>=190,0.001
sarsa,0,228,21,990.490000,1,20,reward_spike>=190,0.001
sarsa,0,229,40,951.500000,0,,,0.001
sarsa,0,230,40,724.800000,0,,,0.001
sarsa,0,231,35,779.150000,1,34,reward_spike>=190,0.001
sarsa,0,232,21,695.390000,1,20,reward_spike>=190,0.001
sarsa,0,233,40,557.800000,0,,,0.001
sarsa,0,234,26,671.440000,0,,,0.001
sarsa,0,235,40,912.400000,0,,,0.001
sarsa,0,236,26,523.640000,1,25,reward_spike>=190,0.001
sarsa,0,237,15,693.250000,1,14,reward_spike>=190,0.000
sarsa,0,238,26,877.440000,1,25,reward_spike>=190,0.001
sarsa,0,239,17,1044.930000,1,16,reward_spike>=190,0.000
sarsa,0,240,26,596.640000,1,25,reward_spike>=190,0.001
sarsa,0,241,28,805.320000,1,27,reward_spike>=190,0.001
sarsa,0,242,32,941.680000,1,31,reward_spike>=190,0.001
sarsa,0,243,31,769.490000,1,30,reward_spike>=190,0.001
sarsa,0,244,25,922.550000,1,24,reward_spike>=190,0.001
sarsa,0,245,40,576.500000,0,,,0.001
sarsa,0,246,26,825.440000,1,25,reward_spike>=190,0.001
sarsa,0,247,40,728.000000,0,,,0.001
sarsa,0,248,29,818.510000,1,28,reward_spike>=190,0.001
sarsa,0,249,40,936.100000,0,,,0.001
sarsa,0,250,21,638.090000,1,20,reward_spike>=190,0.001
sarsa,0,251,40,801.100000,0,,,0.001
sarsa,0,252,24,864.860000,1,23,reward_spike>=190,0.001
sarsa,0,253,34,801.660000,1,33,reward_spike>=190,0.001
sarsa,0,254,40,822.900000,0,,,0.001
sarsa,0,255,40,833.000000,0,,,0.001
sarsa,0,256,40,666.000000,0,,,0.001
sarsa,0,257,21,467.190000,1,20,reward_spike>=190,0.001
sarsa,0,258,37,944.430000,1,36,reward_spike>=190,0.001
sarsa,0,259,23,581.570000,1,22,reward_spike>=190,0.001
sarsa,0,260,29,972.610000,1,28,reward_spike>=190,0.001
sarsa,0,261,40,1094.500000,1,39,reward_spike>=190,0.001
sarsa,0,262,40,885.000000,0,,,0.001
sarsa,0,263,40,1033.900000,1,39,reward_spike>=190,0.001
sarsa,0,264,23,921.470000,1,22,reward_spike>=190,0.001
sarsa,0,265,39,936.910000,1,38,reward_spike>=190,0.001
sarsa,0,266,40,855.100000,0,,,0.001
sarsa,0,267,35,800.050000,1,34,reward_spike>=190,0.001
sarsa,0,268,37,855.530000,1,36,reward_spike>=190,0.001
sarsa,0,269,23,581.870000,1,22,reward_spike>=190,0.001
sarsa,0,270,36,939.040000,1,35,reward_spike>=190,0.001
sarsa,0,271,28,825.020000,1,27,reward_spike>=190,0.001
sarsa,0,272,40,820.500000,0,,,0.001
sarsa,0,273,26,837.740000,1,25,reward_spike>=190,0.001
sarsa,0,274,25,919.450000,1,24,reward_spike>=190,0.001
sarsa,0,275,39,544.210000,1,38,reward_spike>=190,0.001
sarsa,0,276,20,692.100000,1,19,reward_spike>=190,0.001
sarsa,0,277,40,874.100000,0,,,0.001
sarsa,0,278,18,485.620000,1,17,reward_spike>=190,0.000
sarsa,0,279,19,523.610000,1,18,reward_spike>=190,0.001
sarsa,0,280,31,992.690000,1,30,reward_spike>=190,0.001
sarsa,0,281,23,696.270000,1,22,reward_spike>=190,0.001
sarsa,0,282,40,818.300000,0,,,0.001
sarsa,0,283,37,880.130000,1,36,reward_spike>=190,0.001
sarsa,0,284,31,823.290000,1,30,reward_spike>=190,0.001
sarsa,0,285,40,821.600000,0,,,0.001
sarsa,0,286,33,1153.570000,1,32,reward_spike>=190,0.001
sarsa,0,287,23,640.570000,1,22,reward_spike>=190,0.001
sarsa,0,288,25,651.350000,1,24,reward_spike>=190,0.001
sarsa,0,289,40,360.700000,0,,,0.001
sarsa,0,290,40,601.800000,0,,,0.001
sarsa,0,291,28,994.120000,1,27,reward_spike>=190,0.001
sarsa,0,292,25,882.950000,1,24,reward_spike>=190,0.001
sarsa,0,293,38,941.020000,1,37,reward_spike>=190,0.001
sarsa,0,294,40,652.000000,0,,,0.001
sarsa,0,295,40,489.500000,0,,,0.001
sarsa,0,296,31,805.690000,1,30,reward_spike>=190,0.001
sarsa,0,297,40,1017.700000,1,39,reward_spike>=190,0.001
sarsa,0,298,31,863.690000,1,30,reward_spike>=190,0.001
sarsa,0,299,31,894.790000,1,30,reward_spike>=190,0.001
sarsa,0,300,40,666.700000,0,,,0.001
sarsa,0,301,29,826.610000,1,28,reward_spike>=190,0.001
sarsa,0,302,40,697.400000,0,,,0.001
sarsa,0,303,33,940.470000,1,32,reward_spike>=190,0.001
sarsa,0,304,26,878.240000,1,25,reward_spike>=190,0.001
sarsa,0,305,26,656.040000,1,25,reward_spike>=190,0.001
sarsa,0,306,40,990.400000,0,,,0.001
sarsa,0,307,37,975.230000,1,36,reward_spike>=190,0.001
sarsa,0,308,23,749.070000,1,22,reward_spike>=190,0.001
sarsa,0,309,17,751.330000,1,16,reward_spike>=190,0.000
sarsa,0,310,30,921.500000,1,29,reward_spike>=190,0.001
sarsa,0,311,40,1070.700000,0,,,0.001
sarsa,0,312,36,1054.440000,1,35,reward_spike>=190,0.001
sarsa,0,313,40,620.000000,0,,,0.001
sarsa,0,314,29,981.510000,1,28,reward_spike>=190,0.001
sarsa,0,315,25,672.550000,1,24,reward_spike>=190,0.001
sarsa,0,316,30,603.400000,1,29,reward_spike>=190,0.001
sarsa,0,317,40,863.900000,0,,,0.001
sarsa,0,318,40,681.000000,0,,,0.001
sarsa,0,319,25,641.150000,1,24,reward_spike>=190,0.001
sarsa,0,320,21,805.390000,1,20,reward_spike>=190,0.001
sarsa,0,321,40,750.100000,0,,,0.001
sarsa,0,322,27,1258.930000,1,26,reward_spike>=190,0.001
sarsa,0,323,25,821.550000,1,24,reward_spike>=190,0.001
sarsa,0,324,40,705.000000,0,,,0.001
sarsa,0,325,31,941.190000,1,30,reward_spike>=190,0.001
sarsa,0,326,40,646.400000,0,,,0.001
sarsa,0,327,21,466.690000,1,20,reward_spike>=190,0.001
sarsa,0,328,29,712.210000,1,28,reward_spike>=190,0.001
sarsa,0,329,40,532.500000,0,,,0.001
sarsa,0,330,35,868.350000,1,34,reward_spike>=190,0.001
sarsa,0,331,23,712.070000,1,22,reward_spike>=190,0.001
sarsa,0,332,40,752.500000,0,,,0.001
sarsa,0,333,31,692.290000,1,30,reward_spike>=190,0.001
sarsa,0,334,39,1001.010000,1,38,reward_spike>=190,0.001
sarsa,0,335,34,1036.560000,1,33,reward_spike>=190,0.001
sarsa,0,336,20,539.200000,1,19,reward_spike>=190,0.000
sarsa,0,337,37,1167.330000,1,36,reward_spike>=190,0.001
sarsa,0,338,20,690.200000,1,19,reward_spike>=190,0.000
sarsa,0,339,40,526.500000,0,,,0.001
sarsa,0,340,28,653.720000,1,27,reward_spike>=190,0.001
sarsa,0,341,21,862.590000,1,20,reward_spike>=190,0.001
sarsa,0,342,33,827.970000,1,32,reward_spike>=190,0.001
sarsa,0,343,40,521.500000,0,,,0.001
sarsa,0,344,20,709.400000,1,19,reward_spike>=190,0.001
sarsa,0,345,40,803.300000,0,,,0.001
sarsa,0,346,40,945.600000,0,,,0.001
sarsa,0,347,18,580.820000,1,17,reward_spike>=190,0.000
sarsa,0,348,40,653.600000,0,,,0.001
sarsa,0,349,40,859.400000,0,,,0.001
sarsa,0,350,26,824.240000,1,25,reward_spike>=190,0.001
sarsa,0,351,20,580.000000,1,19,reward_spike>=190,0.001
sarsa,0,352,33,984.270000,1,32,reward_spike>=190,0.001
sarsa,0,353,31,746.490000,1,30,reward_spike>=190,0.001
sarsa,0,354,28,866.420000,1,27,reward_spike>=190,0.001
sarsa,0,355,29,880.110000,1,28,reward_spike>=190,0.001
sarsa,0,356,18,581.720000,1,17,reward_spike>=190,0.000
sarsa,0,357,40,1113.800000,1,39,reward_spike>=190,0.001
sarsa,0,358,40,638.400000,0,,,0.001
sarsa,0,359,40,739.700000,0,,,0.001
sarsa,0,360,24,649.860000,1,23,reward_spike>=190,0.001
sarsa,0,361,26,707.340000,1,25,reward_spike>=190,0.001
sarsa,0,362,40,688.800000,0,,,0.001
sarsa,0,363,39,955.610000,1,38,reward_spike>=190,0.001
sarsa,0,364,24,711.260000,1,23,reward_spike>=190,0.001
sarsa,0,365,40,1000.000000,1,39,reward_spike>=190,0.001
sarsa,0,366,40,954.000000,0,,,0.001
sarsa,0,367,40,371.600000,0,,,0.001
sarsa,0,368,40,616.300000,0,,,0.001
sarsa,0,369,40,630.200000,0,,,0.001
sarsa,0,370,29,978.710000,1,28,reward_spike>=190,0.001
sarsa,0,371,40,519.900000,0,,,0.001
sarsa,0,372,40,642.100000,0,,,0.001
sarsa,0,373,20,636.800000,1,19,reward_spike>=190,0.000
sarsa,0,374,26,858.840000,1,25,reward_spike>=190,0.001
sarsa,0,375,34,936.260000,1,33,reward_spike>=190,0.001
sarsa,0,376,40,910.300000,0,,,0.001
sarsa,0,377,27,922.030000,1,26,reward_spike>=190,0.001
sarsa,0,378,28,918.420000,1,27,reward_spike>=190,0.001
sarsa,0,379,38,1071.820000,1,37,reward_spike>=190,0.001
sarsa,0,380,34,806.960000,1,33,reward_spike>=190,0.001
sarsa,0,381,40,725.300000,0,,,0.001
sarsa,0,382,40,690.500000,0,,,0.001
sarsa,0,383,24,859.160000,1,23,reward_spike>=190,0.001
sarsa,0,384,40,759.200000,0,,,0.001
sarsa,0,385,27,784.330000,1,26,reward_spike>=190,0.001
sarsa,0,386,34,1009.560000,1,33,reward_spike>=190,0.001
sarsa,0,387,39,839.510000,1,38,reward_spike>=190,0.001
sarsa,0,388,40,946.700000,0,,,0.001
sarsa,0,389,14,634.960000,1,13,reward_spike>=190,0.000
sarsa,0,390,35,836.850000,1,34,reward_spike>=190,0.001
sarsa,0,391,16,859.840000,1,15,reward_spike>=190,0.000
sarsa,0,392,20,707.400000,1,19,reward_spike>=190,0.001
sarsa,0,393,40,669.500000,0,,,0.001
sarsa,0,394,38,859.520000,1,37,reward_spike>=190,0.001
sarsa,0,395,40,671.700000,0,,,0.001
sarsa,0,396,33,981.670000,1,32,reward_spike>=190,0.001
sarsa,0,397,39,1347.010000,1,38,reward_spike>=190,0.001
sarsa,0,398,40,631.600000,0,,,0.001
sarsa,0,399,40,721.200000,0,,,0.001
sarsa,0,400,40,885.900000,0,,,0.001
sarsa,0,401,20,693.600000,1,19,reward_spike>=190,0.001
sarsa,0,402,28,879.020000,1,27,reward_spike>=190,0.001
sarsa,0,403,40,864.100000,0,,,0.001
sarsa,0,404,40,699.100000,0,,,0.001
sarsa,0,405,39,768.010000,1,38,reward_spike>=190,0.001
sarsa,0,406,25,763.350000,1,24,reward_spike>=190,0.001
sarsa,0,407,27,936.230000,1,26,reward_spike>=190,0.001
sarsa,0,408,40,675.400000,0,,,0.001
sarsa,0,409,22,805.680000,1,21,reward_spike>=190,0.001
sarsa,0,410,40,871.100000,0,,,0.001
sarsa,0,411,24,691.060000,1,23,reward_spike>=190,0.001
sarsa,0,412,40,1029.000000,0,,,0.001
sarsa,0,413,25,750.250000,1,24,reward_spike>=190,0.001
sarsa,0,414,40,1045.300000,0,,,0.001
sarsa,0,415,40,916.100000,0,,,0.001
sarsa,0,416,19,878.210000,1,18,reward_spike>=190,0.000
sarsa,0,417,40,836.700000,0,,,0.001
sarsa,0,418,25,935.650000,1,24,reward_spike>=190,0.001
sarsa,0,419,40,1378.100000,1,39,reward_spike>=190,0.001
sarsa,0,420,24,970.160000,1,23,reward_spike>=190,0.001
sarsa,0,421,34,898.560000,1,33,reward_spike>=190,0.001
sarsa,0,422,28,976.320000,1,27,reward_spike>=190,0.001
sarsa,0,423,16,803.840000,1,15,reward_spike>=190,0.000
sarsa,0,424,34,939.160000,1,33,reward_spike>=190,0.001
sarsa,0,425,40,1257.100000,0,,,0.001
sarsa,0,426,39,994.710000,1,38,reward_spike>=190,0.001
sarsa,0,427,36,855.240000,1,35,reward_spike>=190,0.001
sarsa,0,428,30,1105.800000,1,29,reward_spike>=190,0.001
sarsa,0,429,33,995.970000,1,32,reward_spike>=190,0.001
sarsa,0,430,35,769.850000,1,34,reward_spike>=190,0.001
sarsa,0,431,23,765.070000,1,22,reward_spike>=190,0.001
sarsa,0,432,29,913.610000,1,28,reward_spike>=190,0.001
sarsa,0,433,34,993.960000,1,33,reward_spike>=190,0.001
sarsa,0,434,40,790.100000,0,,,0.001
sarsa,0,435,20,635.900000,1,19,reward_spike>=190,0.001
sarsa,0,436,25,1145.250000,1,24,reward_spike>=190,0.001
sarsa,0,437,31,953.790000,1,30,reward_spike>=190,0.001
sarsa,0,438,40,838.800000,0,,,0.001
sarsa,0,439,40,929.300000,0,,,0.001
sarsa,0,440,40,747.800000,0,,,0.001
sarsa,0,441,14,353.360000,1,13,reward_spike>=190,0.000
sarsa,0,442,24,580.260000,1,23,reward_spike>=190,0.001
sarsa,0,443,40,343.900000,0,,,0.001
sarsa,0,444,40,801.000000,0,,,0.001
sarsa,0,445,26,1033.240000,1,25,reward_spike>=190,0.001
sarsa,0,446,40,770.700000,1,39,reward_spike>=190,0.001
sarsa,0,447,40,934.900000,0,,,0.001
sarsa,0,448,40,788.100000,0,,,0.001
sarsa,0,449,40,485.700000,0,,,0.001
sarsa,0,450,40,826.800000,0,,,0.001
sarsa,0,451,23,526.070000,1,22,reward_spike>=190,0.001
sarsa,0,452,40,486.200000,0,,,0.001
sarsa,0,453,40,771.200000,0,,,0.001
sarsa,0,454,30,882.400000,1,29,reward_spike>=190,0.001
sarsa,0,455,40,830.500000,0,,,0.001
sarsa,0,456,40,788.900000,0,,,0.001
sarsa,0,457,28,1064.820000,1,27,reward_spike>=190,0.001
sarsa,0,458,40,802.800000,0,,,0.001
sarsa,0,459,36,955.840000,1,35,reward_spike>=190,0.001
sarsa,0,460,40,1183.800000,0,,,0.001
sarsa,0,461,19,750.410000,1,18,reward_spike>=190,0.000
sarsa,0,462,40,884.600000,0,,,0.001
sarsa,0,463,40,829.500000,0,,,0.001
sarsa,0,464,40,902.900000,0,,,0.001
sarsa,0,465,28,783.820000,1,27,reward_spike>=190,0.001
sarsa,0,466,35,988.550000,1,34,reward_spike>=190,0.001
sarsa,0,467,29,979.910000,1,28,reward_spike>=190,0.001
sarsa,0,468,40,695.800000,0,,,0.001
sarsa,0,469,40,504.900000,0,,,0.001
sarsa,0,470,38,1011.120000,1,37,reward_spike>=190,0.001
sarsa,0,471,23,711.370000,1,22,reward_spike>=190,0.001
sarsa,0,472,28,695.320000,1,27,reward_spike>=190,0.001
sarsa,0,473,29,1146.310000,1,28,reward_spike>=190,0.001
sarsa,0,474,29,868.310000,1,28,reward_spike>=190,0.001
sarsa,0,475,40,728.100000,0,,,0.001
sarsa,0,476,37,1262.430000,1,36,reward_spike>=190,0.001
sarsa,0,477,33,1008.170000,1,32,reward_spike>=190,0.001
sarsa,0,478,26,694.840000,1,25,reward_spike>=190,0.001
sarsa,0,479,40,1241.800000,0,,,0.001
sarsa,0,480,18,482.220000,1,17,reward_spike>=190,0.000
sarsa,0,481,25,748.750000,1,24,reward_spike>=190,0.001
sarsa,0,482,19,750.510000,1,18,reward_spike>=190,0.000
sarsa,0,483,34,1015.260000,1,33,reward_spike>=190,0.001
sarsa,0,484,36,906.840000,1,35,reward_spike>=190,0.001
sarsa,0,485,20,863.300000,1,19,reward_spike>=190,0.000
sarsa,0,486,40,524.100000,0,,,0.001
sarsa,0,487,15,540.450000,1,14,reward_spike>=190,0.000
sarsa,0,488,23,693.070000,1,22,reward_spike>=190,0.001
sarsa,0,489,40,492.500000,0,,,0.001
sarsa,0,490,40,1043.900000,0,,,0.001
sarsa,0,491,40,480.300000,0,,,0.001
sarsa,0,492,40,805.200000,0,,,0.001
sarsa,0,493,21,948.290000,1,20,reward_spike>=190,0.001
sarsa,0,494,21,974.990000,1,20,reward_spike>=190,0.001
sarsa,0,495,21,862.490000,1,20,reward_spike>=190,0.001
sarsa,0,496,37,1139.230000,1,36,reward_spike>=190,0.001
sarsa,0,497,37,982.230000,1,36,reward_spike>=190,0.001
sarsa,0,498,29,640.410000,1,28,reward_spike>=190,0.001
sarsa,0,499,40,1002.400000,0,,,0.001
sarsa,0,500,40,622.600000,0,,,0.001
sarsa,0,501,40,707.600000,0,,,0.001
sarsa,0,502,17,582.730000,1,16,reward_spike>=190,0.000
sarsa,0,503,40,877.200000,0,,,0.001
sarsa,0,504,40,708.700000,0,,,0.001
sarsa,0,505,40,1069.000000,1,39,reward_spike>=190,0.001
sarsa,0,506,40,944.100000,0,,,0.001
sarsa,0,507,27,768.430000,1,26,reward_spike>=190,0.001
sarsa,0,508,36,980.940000,1,35,reward_spike>=190,0.001
sarsa,0,509,40,701.300000,0,,,0.001
sarsa,0,510,35,898.050000,0,,,0.001
sarsa,0,511,26,826.140000,1,25,reward_spike>=190,0.001
sarsa,0,512,24,696.160000,1,23,reward_spike>=190,0.001
sarsa,0,513,40,710.500000,0,,,0.001
sarsa,0,514,40,749.900000,0,,,0.001
sarsa,0,515,19,523.110000,1,18,reward_spike>=190,0.000
sarsa,0,516,30,1047.600000,1,29,reward_spike>=190,0.001
sarsa,0,517,37,1179.830000,1,36,reward_spike>=190,0.001
sarsa,0,518,21,932.390000,1,20,reward_spike>=190,0.001
sarsa,0,519,40,490.600000,0,,,0.001
sarsa,0,520,40,418.800000,0,,,0.001
sarsa,0,521,40,432.200000,0,,,0.001
sarsa,0,522,40,459.200000,0,,,0.001
sarsa,0,523,40,763.700000,1,39,reward_spike>=190,0.001
sarsa,0,524,33,850.770000,1,32,reward_spike>=190,0.001
sarsa,0,525,25,811.250000,1,24,reward_spike>=190,0.001
sarsa,0,526,20,637.800000,1,19,reward_spike>=190,0.001
sarsa,0,527,22,751.480000,1,21,reward_spike>=190,0.001
sarsa,0,528,19,804.110000,1,18,reward_spike>=190,0.000
sarsa,0,529,40,763.000000,0,,,0.001
sarsa,0,530,39,979.910000,1,38,reward_spike>=190,0.001
sarsa,0,531,40,576.700000,0,,,0.001
sarsa,0,532,40,1095.900000,0,,,0.001
sarsa,0,533,14,692.360000,1,13,reward_spike>=190,0.000
sarsa,0,534,22,751.880000,1,21,reward_spike>=190,0.001
sarsa,0,535,30,784.300000,1,29,reward_spike>=190,0.001
sarsa,0,536,24,671.560000,1,23,reward_spike>=190,0.001
sarsa,0,537,40,732.900000,0,,,0.001
sarsa,0,538,22,767.480000,1,21,reward_spike>=190,0.001
sarsa,0,539,30,751.200000,1,29,reward_spike>=190,0.001
sarsa,0,540,26,695.840000,1,25,reward_spike>=190,0.001
sarsa,0,541,40,821.800000,0,,,0.001
sarsa,0,542,40,594.700000,0,,,0.001
sarsa,0,543,21,807.790000,1,20,reward_spike>=190,0.000
sarsa,0,544,36,801.140000,1,35,reward_spike>=190,0.001
sarsa,0,545,40,1311.900000,0,,,0.001
sarsa,0,546,36,828.740000,1,35,reward_spike>=190,0.001
sarsa,0,547,35,1092.450000,1,34,reward_spike>=190,0.001
sarsa,0,548,30,825.400000,1,29,reward_spike>=190,0.001
sarsa,0,549,23,818.070000,1,22,reward_spike>=190,0.001
sarsa,0,550,27,861.530000,1,26,reward_spike>=190,0.001
sarsa,0,551,16,635.240000,1,15,reward_spike>=190,0.000
sarsa,0,552,40,693.300000,0,,,0.001
sarsa,0,553,40,1011.300000,0,,,0.001
sarsa,0,554,22,878.680000,0,,,0.001
sarsa,0,555,38,1221.620000,1,37,reward_spike>=190,0.001
sarsa,0,556,31,767.790000,1,30,reward_spike>=190,0.001
sarsa,0,557,32,1082.280000,1,31,reward_spike>=190,0.001
sarsa,0,558,40,833.800000,0,,,0.001
sarsa,0,559,30,987.300000,1,29,reward_spike>=190,0.001
sarsa,0,560,28,764.720000,1,27,reward_spike>=190,0.001
sarsa,0,561,25,823.850000,1,24,reward_spike>=190,0.001
sarsa,0,562,30,867.900000,1,29,reward_spike>=190,0.001
sarsa,0,563,37,981.330000,1,36,reward_spike>=190,0.001
sarsa,0,564,40,483.900000,0,,,0.001
sarsa,0,565,34,956.060000,1,33,reward_spike>=190,0.001
sarsa,0,566,26,553.840000,1,25,reward_spike>=190,0.001
sarsa,0,567,17,692.230000,1,16,reward_spike>=190,0.000
sarsa,0,568,29,873.610000,1,28,reward_spike>=190,0.001
sarsa,0,569,35,1135.050000,0,,,0.001
sarsa,0,570,30,698.700000,1,29,reward_spike>=190,0.001
sarsa,0,571,31,924.290000,1,30,reward_spike>=190,0.001
sarsa,0,572,27,785.130000,1,26,reward_spike>=190,0.001
sarsa,0,573,25,597.150000,1,24,reward_spike>=190,0.001
sarsa,0,574,20,636.600000,1,19,reward_spike>=190,0.001
sarsa,0,575,17,539.330000,1,16,reward_spike>=190,0.000
sarsa,0,576,24,807.260000,1,23,reward_spike>=190,0.001
sarsa,0,577,25,953.550000,1,24,reward_spike>=190,0.001
sarsa,0,578,35,960.250000,0,,,0.001
sarsa,0,579,14,636.160000,1,13,reward_spike>=190,0.000
sarsa,0,580,20,863.100000,1,19,reward_spike>=190,0.001
sarsa,0,581,21,763.090000,1,20,reward_spike>=190,0.001
sarsa,0,582,38,813.720000,1,37,reward_spike>=190,0.001
sarsa,0,583,40,570.000000,0,,,0.001
sarsa,0,584,28,917.520000,1,27,reward_spike>=190,0.001
sarsa,0,585,22,725.380000,1,21,reward_spike>=190,0.001
sarsa,0,586,26,806.140000,1,25,reward_spike>=190,0.001
sarsa,0,587,40,1090.100000,0,,,0.001
sarsa,0,588,36,1060.840000,1,35,reward_spike>=190,0.001
sarsa,0,589,40,550.700000,0,,,0.001
sarsa,0,590,40,901.700000,0,,,0.001
sarsa,0,591,38,1108.820000,0,,,0.001
sarsa,0,592,27,695.230000,1,26,reward_spike>=190,0.001
sarsa,0,593,32,557.580000,1,31,reward_spike>=190,0.001
sarsa,0,594,29,694.010000,1,28,reward_spike>=190,0.001
sarsa,0,595,21,807.790000,1,20,reward_spike>=190,0.001
sarsa,0,596,22,694.180000,1,21,reward_spike>=190,0.001
sarsa,0,597,20,611.200000,1,19,reward_spike>=190,0.000
sarsa,0,598,33,913.670000,1,32,reward_spike>=190,0.001
sarsa,0,599,30,713.300000,0,,,0.001
sarsa,0,600,27,753.530000,1,26,reward_spike>=190,0.001
sarsa,0,601,40,1071.000000,0,,,0.001
sarsa,0,602,40,714.500000,0,,,0.001
sarsa,0,603,37,993.630000,1,36,reward_spike>=190,0.001
sarsa,0,604,28,882.520000,0,,,0.001
sarsa,0,605,36,1260.640000,1,35,reward_spike>=190,0.001
sarsa,0,606,40,568.600000,0,,,0.001
sarsa,0,607,39,1070.910000,1,38,reward_spike>=190,0.001
sarsa,0,608,40,866.700000,0,,,0.001
sarsa,0,609,40,1217.600000,0,,,0.001
sarsa,0,610,35,852.150000,1,34,reward_spike>=190,0.001
sarsa,0,611,13,579.170000,1,12,reward_spike>=190,0.000
sarsa,0,612,38,1039.120000,1,37,reward_spike>=190,0.001
sarsa,0,613,37,957.630000,1,36,reward_spike>=190,0.001
sarsa,0,614,40,848.900000,0,,,0.001
sarsa,0,615,36,977.740000,1,35,reward_spike>=190,0.001
sarsa,0,616,33,981.470000,1,32,reward_spike>=190,0.001
sarsa,0,617,24,974.560000,1,23,reward_spike>=190,0.001
sarsa,0,618,34,755.460000,1,33,reward_spike>=190,0.001
sarsa,0,619,25,1032.450000,1,24,reward_spike>=190,0.001
sarsa,0,620,23,581.070000,1,22,reward_spike>=190,0.001
sarsa,0,621,40,499.800000,0,,,0.001
sarsa,0,622,38,755.820000,1,37,reward_spike>=190,0.001
sarsa,0,623,22,915.480000,1,21,reward_spike>=190,0.001
sarsa,0,624,24,1258.560000,1,23,reward_spike>=190,0.001
sarsa,0,625,21,638.490000,1,20,reward_spike>=190,0.001
sarsa,0,626,40,632.200000,0,,,0.001
sarsa,0,627,33,825.070000,1,32,reward_spike>=190,0.001
sarsa,0,628,23,749.270000,1,22,reward_spike>=190,0.001
sarsa,0,629,31,955.190000,1,30,reward_spike>=190,0.001
sarsa,0,630,35,1009.450000,1,34,reward_spike>=190,0.001
sarsa,0,631,40,620.700000,0,,,0.001
sarsa,0,632,40,973.800000,0,,,0.001
sarsa,0,633,23,694.970000,1,22,reward_spike>=190,0.001
sarsa,0,634,24,747.360000,1,23,reward_spike>=190,0.001
sarsa,0,635,40,1273.000000,0,,,0.001
sarsa,0,636,31,751.890000,1,30,reward_spike>=190,0.001
sarsa,0,637,28,882.220000,1,27,reward_spike>=190,0.001
sarsa,0,638,40,355.600000,0,,,0.001
sarsa,0,639,34,1279.560000,1,33,reward_spike>=190,0.001
sarsa,0,640,40,1058.900000,0,,,0.001
sarsa,0,641,27,1106.030000,1,26,reward_spike>=190,0.001
sarsa,0,642,23,581.570000,1,22,reward_spike>=190,0.001
sarsa,0,643,24,640.460000,1,23,reward_spike>=190,0.001
sarsa,0,644,40,405.400000,0,,,0.001
sarsa,0,645,26,766.940000,1,25,reward_spike>=190,0.001
sarsa,0,646,40,726.800000,0,,,0.001
sarsa,0,647,40,826.900000,0,,,0.001
sarsa,0,648,40,537.700000,0,,,0.001
sarsa,0,649,19,803.810000,1,18,reward_spike>=190,0.000
sarsa,0,650,40,1045.200000,0,,,0.001
sarsa,0,651,29,827.710000,1,28,reward_spike>=190,0.001
sarsa,0,652,40,678.900000,0,,,0.001
sarsa,0,653,24,766.260000,1,23,reward_spike>=190,0.001
sarsa,0,654,25,765.950000,1,24,reward_spike>=190,0.001
sarsa,0,655,26,865.440000,1,25,reward_spike>=190,0.001
sarsa,0,656,38,829.120000,1,37,reward_spike>=190,0.001
sarsa,0,657,40,876.100000,0,,,0.001
sarsa,0,658,40,951.000000,0,,,0.001
sarsa,0,659,40,1321.300000,1,39,reward_spike>=190,0.001
sarsa,0,660,38,770.720000,1,37,reward_spike>=190,0.001
sarsa,0,661,40,862.900000,0,,,0.001
sarsa,0,662,32,879.680000,1,31,reward_spike>=190,0.001
sarsa,0,663,13,745.470000,1,12,reward_spike>=190,0.000
sarsa,0,664,40,432.500000,0,,,0.001
sarsa,0,665,26,972.140000,1,25,reward_spike>=190,0.001
sarsa,0,666,33,808.570000,1,32,reward_spike>=190,0.001
sarsa,0,667,27,862.330000,1,26,reward_spike>=190,0.001
sarsa,0,668,40,950.400000,0,,,0.001
sarsa,0,669,20,706.900000,1,19,reward_spike>=190,0.000
sarsa,0,670,37,1137.830000,1,36,reward_spike>=190,0.001
sarsa,0,671,22,522.680000,1,21,reward_spike>=190,0.001
sarsa,0,672,31,941.990000,1,30,reward_spike>=190,0.001
sarsa,0,673,40,1490.700000,1,39,reward_spike>=190,0.001
sarsa,0,674,40,1372.400000,1,39,reward_spike>=190,0.001
sarsa,0,675,27,1048.930000,1,26,reward_spike>=190,0.001
sarsa,0,676,40,764.100000,0,,,0.001
sarsa,0,677,25,747.850000,1,24,reward_spike>=190,0.001
sarsa,0,678,40,742.500000,0,,,0.001
sarsa,0,679,35,1260.850000,1,34,reward_spike>=190,0.001
sarsa,0,680,30,993.400000,1,29,reward_spike>=190,0.001
sarsa,0,681,40,1167.100000,0,,,0.001
sarsa,0,682,17,579.330000,1,16,reward_spike>=190,0.000
sarsa,0,683,40,1248.000000,1,39,reward_spike>=190,0.001
sarsa,0,684,40,889.900000,0,,,0.001
sarsa,0,685,26,935.740000,1,25,reward_spike>=190,0.001
sarsa,0,686,40,992.100000,1,39,reward_spike>=190,0.001
sarsa,0,687,23,762.270000,1,22,reward_spike>=190,0.001
sarsa,0,688,40,815.800000,0,,,0.001
sarsa,0,689,40,661.500000,0,,,0.001
sarsa,0,690,36,937.640000,1,35,reward_spike>=190,0.001
sarsa,0,691,22,634.480000,1,21,reward_spike>=190,0.001
sarsa,0,692,22,806.280000,1,21,reward_spike>=190,0.001
sarsa,0,693,29,729.410000,1,28,reward_spike>=190,0.001
sarsa,0,694,17,409.930000,1,16,reward_spike>=190,0.000
sarsa,0,695,22,525.180000,1,21,reward_spike>=190,0.001
sarsa,0,696,40,761.500000,0,,,0.001
sarsa,0,697,21,918.190000,1,20,reward_spike>=190,0.001
sarsa,0,698,27,867.230000,1,26,reward_spike>=190,0.001
sarsa,0,699,36,1038.340000,1,35,reward_spike>=190,0.001
sarsa,0,700,15,651.250000,1,14,reward_spike>=190,0.000
sarsa,0,701,17,595.130000,1,16,reward_spike>=190,0.000
sarsa,0,702,26,898.240000,0,,,0.001
sarsa,0,703,25,864.350000,1,24,reward_spike>=190,0.001
sarsa,0,704,20,708.100000,1,19,reward_spike>=190,0.001
sarsa,0,705,15,522.050000,1,14,reward_spike>=190,0.000
sarsa,0,706,36,1128.540000,1,35,reward_spike>=190,0.001
sarsa,0,707,40,1185.600000,0,,,0.001
sarsa,0,708,40,943.100000,1,39,reward_spike>=190,0.001
sarsa,0,709,40,602.100000,0,,,0.001
sarsa,0,710,24,920.560000,1,23,reward_spike>=190,0.001
sarsa,0,711,16,635.040000,1,15,reward_spike>=190,0.000
sarsa,0,712,40,1085.900000,1,39,reward_spike>=190,0.001
sarsa,0,713,29,1259.410000,1,28,reward_spike>=190,0.001
sarsa,0,714,20,691.400000,1,19,reward_spike>=190,0.000
sarsa,0,715,40,694.100000,0,,,0.001
sarsa,0,716,25,936.550000,1,24,reward_spike>=190,0.001
sarsa,0,717,40,846.000000,0,,,0.001
sarsa,0,718,40,808.200000,0,,,0.001
sarsa,0,719,23,710.370000,1,22,reward_spike>=190,0.001
sarsa,0,720,24,695.560000,1,23,reward_spike>=190,0.001
sarsa,0,721,23,804.970000,1,22,reward_spike>=190,0.001
sarsa,0,722,40,594.800000,0,,,0.001
sarsa,0,723,23,971.870000,1,22,reward_spike>=190,0.001
sarsa,0,724,24,655.260000,1,23,reward_spike>=190,0.001
sarsa,0,725,34,755.260000,1,33,reward_spike>=190,0.001
sarsa,0,726,40,933.400000,0,,,0.001
sarsa,0,727,34,1200.260000,1,33,reward_spike>=190,0.001
sarsa,0,728,22,596.880000,1,21,reward_spike>=190,0.001
sarsa,0,729,32,986.980000,1,31,reward_spike>=190,0.001
sarsa,0,730,17,691.530000,1,16,reward_spike>=190,0.000
sarsa,0,731,22,805.680000,1,21,reward_spike>=190,0.001
sarsa,0,732,28,713.820000,1,27,reward_spike>=190,0.001
sarsa,0,733,29,877.710000,1,28,reward_spike>=190,0.001
sarsa,0,734,26,990.640000,1,25,reward_spike>=190,0.001
sarsa,0,735,27,695.330000,1,26,reward_spike>=190,0.001
sarsa,0,736,15,691.950000,1,14,reward_spike>=190,0.000
sarsa,0,737,40,985.200000,0,,,0.001
sarsa,0,738,40,1104.400000,0,,,0.001
sarsa,0,739,21,708.690000,1,20,reward_spike>=190,0.001
sarsa,0,740,19,634.710000,1,18,reward_spike>=190,0.000
sarsa,0,741,40,845.100000,0,,,0.001
sarsa,0,742,15,748.450000,1,14,reward_spike>=190,0.000
sarsa,0,743,40,915.700000,0,,,0.001
sarsa,0,744,29,615.610000,1,28,reward_spike>=190,0.001
sarsa,0,745,18,692.920000,1,17,reward_spike>=190,0.000
sarsa,0,746,19,803.710000,1,18,reward_spike>=190,0.000
sarsa,0,747,36,879.240000,1,35,reward_spike>=190,0.001
sarsa,0,748,40,1073.400000,0,,,0.001
sarsa,0,749,29,977.010000,1,28,reward_spike>=190,0.001
sarsa,0,750,36,811.940000,1,35,reward_spike>=190,0.001
sarsa,0,751,33,1067.270000,1,32,reward_spike>=190,0.001
sarsa,0,752,40,973.800000,0,,,0.001
sarsa,0,753,37,1253.430000,1,36,reward_spike>=190,0.001
sarsa,0,754,40,887.800000,0,,,0.001
sarsa,0,755,24,977.060000,1,23,reward_spike>=190,0.001
sarsa,0,756,40,913.300000,0,,,0.001
sarsa,0,757,25,824.050000,1,24,reward_spike>=190,0.001
sarsa,0,758,21,692.790000,1,20,reward_spike>=190,0.001
sarsa,0,759,40,747.500000,0,,,0.001
sarsa,0,760,21,653.890000,1,20,reward_spike>=190,0.001
sarsa,0,761,40,1077.000000,1,39,reward_spike>=190,0.001
sarsa,0,762,20,635.300000,1,19,reward_spike>=190,0.001
sarsa,0,763,34,867.060000,1,33,reward_spike>=190,0.001
sarsa,0,764,21,751.190000,1,20,reward_spike>=190,0.001
sarsa,0,765,20,411.900000,1,19,reward_spike>=190,0.000
sarsa,0,766,40,1172.200000,0,,,0.001
sarsa,0,767,40,887.400000,0,,,0.001
sarsa,0,768,16,523.440000,1,15,reward_spike>=190,0.000
sarsa,0,769,33,1432.270000,1,32,reward_spike>=190,0.001
sarsa,0,770,32,921.180000,1,31,reward_spike>=190,0.001
sarsa,0,771,26,1033.940000,1,25,reward_spike>=190,0.001
sarsa,0,772,40,751.200000,0,,,0.001
sarsa,0,773,40,1018.600000,0,,,0.001
sarsa,0,774,30,1221.500000,1,29,reward_spike>=190,0.001
sarsa,0,775,23,707.970000,1,22,reward_spike>=190,0.001
sarsa,0,776,39,1039.310000,1,38,reward_spike>=190,0.001
sarsa,0,777,30,765.900000,1,29,reward_spike>=190,0.001
sarsa,0,778,20,443.700000,1,19,reward_spike>=190,0.000
sarsa,0,779,40,1321.600000,1,39,reward_spike>=190,0.001
sarsa,0,780,19,805.110000,1,18,reward_spike>=190,0.000
sarsa,0,781,40,840.300000,0,,,0.001
sarsa,0,782,40,961.200000,0,,,0.001
sarsa,0,783,40,894.700000,0,,,0.001
sarsa,0,784,19,750.210000,1,18,reward_spike>=190,0.000
sarsa,0,785,27,937.530000,1,26,reward_spike>=190,0.001
sarsa,0,786,40,988.000000,0,,,0.001
sarsa,0,787,33,979.170000,1,32,reward_spike>=190,0.001
sarsa,0,788,25,837.950000,1,24,reward_spike>=190,0.001
sarsa,0,789,40,847.700000,0,,,0.001
sarsa,0,790,40,903.700000,0,,,0.001
sarsa,0,791,36,1036.740000,1,35,reward_spike>=190,0.001
sarsa,0,792,40,1070.800000,0,,,0.001
sarsa,0,793,40,1005.800000,0,,,0.001
sarsa,0,794,20,636.400000,1,19,reward_spike>=190,0.001
sarsa,0,795,34,939.360000,1,33,reward_spike>=190,0.001
sarsa,0,796,21,751.590000,1,20,reward_spike>=190,0.001
sarsa,0,797,16,690.040000,1,15,reward_spike>=190,0.000
sarsa,0,798,29,538.510000,1,28,reward_spike>=190,0.001
sarsa,0,799,40,916.800000,0,,,0.001
