episode,return,steps,avg_mastery,mastered_soft,mastered_hard,epsilon
0,47.39999999999995,90,2.0,0,0,0.2988
1,36.19999999999993,90,1.0,0,0,0.2976048
2,37.54999999999994,90,1.6666666666666667,0,0,0.2964143808
3,32.34999999999995,90,1.3333333333333333,0,0,0.2952287232768
4,60.249999999999936,90,1.6666666666666667,0,0,0.2940478083836928
5,84.60000000000018,90,1.3333333333333333,0,0,0.292871617150158
6,82.10000000000014,90,1.0,0,0,0.29170013068155737
7,53.64999999999995,90,2.0,0,0,0.29053333015883115
8,38.89999999999994,90,1.3333333333333333,0,0,0.28937119683819584
9,52.149999999999935,90,1.0,0,0,0.28821371205084306
10,68.34999999999995,90,2.3333333333333335,0,0,0.2870608572026397
11,60.64999999999999,90,1.3333333333333333,0,0,0.28591261377382915
12,62.29999999999994,90,1.0,0,0,0.28476896331873386
13,33.849999999999945,90,1.0,0,0,0.2836298874654589
14,65.84999999999998,90,1.3333333333333333,0,0,0.2824953679155971
15,58.54999999999993,90,1.6666666666666667,0,0,0.2813653864439347
16,86.65000000000003,90,2.3333333333333335,0,0,0.28023992489815897
17,52.299999999999976,90,1.0,0,0,0.2791189651985663
18,64.79999999999994,90,2.0,0,0,0.27800248933777205
19,61.549999999999926,90,1.0,0,0,0.27689047938042094
20,52.949999999999946,90,1.3333333333333333,0,0,0.27578291746289924
21,58.79999999999993,90,1.6666666666666667,0,0,0.27467978579304764
22,86.95000000000006,90,1.6666666666666667,0,0,0.27358106664987547
23,103.95000000000002,90,2.0,0,0,0.27248674238327597
24,64.09999999999997,90,1.3333333333333333,0,0,0.27139679541374284
25,126.70000000000009,90,2.0,0,0,0.2703112082320879
26,50.499999999999936,90,1.6666666666666667,0,0,0.2692299633991595
27,88.50000000000017,90,1.3333333333333333,0,0,0.26815304354556285
28,67.14999999999998,90,1.6666666666666667,0,0,0.2670804313713806
29,50.500000000000014,90,1.0,0,0,0.26601210964589506
30,68.0000000000001,90,1.0,0,0,0.26494806120731146
31,63.39999999999997,90,2.0,0,0,0.2638882689624822
32,84.50000000000006,90,1.3333333333333333,0,0,0.26283271588663226
33,65.75000000000007,90,1.3333333333333333,0,0,0.26178138502308573
34,35.14999999999995,90,1.6666666666666667,0,0,0.2607342594829934
35,36.64999999999995,90,1.6666666666666667,0,0,0.25969132244506143
36,87.20000000000029,90,1.6666666666666667,0,0,0.2586525571552812
37,60.04999999999996,90,2.3333333333333335,0,0,0.25761794692666007
38,86.25000000000009,90,1.6666666666666667,0,0,0.2565874751389534
39,57.499999999999936,90,1.6666666666666667,0,0,0.2555611252383976
40,67.89999999999998,90,1.6666666666666667,0,0,0.25453888073744396
41,56.749999999999964,90,1.0,0,0,0.2535207252144942
42,78.6,90,1.6666666666666667,0,0,0.25250664231363623
43,30.29999999999993,90,1.6666666666666667,0,0,0.2514966157443817
44,60.39999999999994,90,2.0,0,0,0.2504906292814042
45,41.14999999999994,90,1.0,0,0,0.24948866676427858
46,87.15000000000013,90,1.3333333333333333,0,0,0.24849071209722146
47,63.39999999999996,90,1.3333333333333333,0,0,0.24749674924883258
48,72.95000000000002,90,1.3333333333333333,0,0,0.24650676225183726
49,77.30000000000004,90,1.6666666666666667,0,0,0.2455207352028299
50,87.25000000000013,90,1.6666666666666667,0,0,0.2445386522620186
51,71.00000000000003,90,1.3333333333333333,0,0,0.24356049765297053
52,54.99999999999999,90,1.6666666666666667,0,0,0.24258625566235864
53,53.19999999999994,90,1.6666666666666667,0,0,0.2416159106397092
54,71.05000000000005,90,1.3333333333333333,0,0,0.24064944699715035
55,83.65,90,2.0,0,0,0.23968684920916175
56,71.79999999999994,90,2.6666666666666665,1,0,0.2387281018123251
57,78.50000000000013,90,1.3333333333333333,0,0,0.2377731894050758
58,51.34999999999996,90,2.0,0,0,0.2368220966474555
59,40.399999999999935,90,1.0,0,0,0.23587480826086565
60,82.80000000000014,90,1.3333333333333333,0,0,0.2349313090278222
61,49.64999999999995,90,1.3333333333333333,0,0,0.2339915837917109
62,69.25000000000001,90,1.6666666666666667,0,0,0.23305561745654405
63,66.64999999999998,90,2.0,0,0,0.23212339498671786
64,75.49999999999999,90,1.3333333333333333,0,0,0.231194901406771
65,54.899999999999956,90,1.6666666666666667,0,0,0.2302701218011439
66,58.650000000000006,90,1.6666666666666667,0,0,0.22934904131393932
67,124.15000000000015,90,1.6666666666666667,0,0,0.22843164514868355
68,73.69999999999999,90,1.0,0,0,0.2275179185680888
69,90.70000000000006,90,1.3333333333333333,0,0,0.22660784689381647
70,97.6000000000002,90,2.0,0,0,0.2257014155062412
71,104.50000000000009,90,1.0,0,0,0.22479860984421624
72,73.70000000000007,90,1.0,0,0,0.22389941540483937
73,80.65000000000003,90,1.6666666666666667,0,0,0.22300381774322
74,90.3500000000001,90,2.0,0,0,0.22211180247224713
75,57.79999999999995,90,2.0,0,0,0.22122335526235815
76,91.39999999999999,90,2.3333333333333335,0,0,0.2203384618413087
77,46.04999999999995,90,1.0,0,0,0.21945710799394347
78,76.85000000000005,90,1.3333333333333333,0,0,0.21857927956196768
79,52.749999999999936,90,1.0,0,0,0.2177049624437198
80,86.25,90,2.0,0,0,0.21683414259394493
81,74.35000000000007,90,1.0,0,0,0.21596680602356916
82,94.05000000000014,90,1.0,0,0,0.21510293879947487
83,69.5500000000001,90,1.0,0,0,0.21424252704427696
84,72.79999999999998,90,2.0,0,0,0.21338555693609984
85,70.30000000000001,90,1.6666666666666667,0,0,0.21253201470835545
86,124.35000000000014,85,3.0,1,1,0.21168188664952203
87,63.24999999999996,90,1.6666666666666667,0,0,0.21083515910292394
88,57.99999999999994,90,2.3333333333333335,0,0,0.20999181846651224
89,84.10000000000012,90,2.0,0,0,0.2091518511926462
90,87.85000000000001,90,1.6666666666666667,0,0,0.2083152437878756
91,71.60000000000005,90,1.0,0,0,0.20748198281272412
92,94.75000000000011,90,1.6666666666666667,0,0,0.20665205488147323
93,72.55,90,1.6666666666666667,0,0,0.20582544666194733
94,74.09999999999997,90,2.3333333333333335,0,0,0.20500214487529952
95,91.76999999999998,68,3.0,1,1,0.20418213629579832
96,73.94999999999999,90,2.3333333333333335,0,0,0.20336540775061512
97,87.24999999999999,90,2.3333333333333335,0,0,0.20255194611961266
98,80.50000000000004,90,1.3333333333333333,0,0,0.2017417383351342
99,78.09999999999995,90,2.6666666666666665,1,0,0.20093477138179366
100,83.10000000000007,90,1.6666666666666667,0,0,0.2001310322962665
101,101.5000000000001,90,1.0,0,0,0.19933050816708142
102,50.24999999999994,90,1.6666666666666667,0,0,0.1985331861344131
103,102.95000000000003,90,1.0,0,0,0.19773905338987544
104,62.149999999999935,90,1.0,0,0,0.19694809717631592
105,87.50000000000009,90,1.3333333333333333,0,0,0.19616030478761065
106,61.89999999999997,90,1.0,0,0,0.1953756635684602
107,82.55000000000018,90,1.3333333333333333,0,0,0.19459416091418635
108,59.499999999999936,90,1.3333333333333333,0,0,0.19381578427052962
109,47.949999999999946,90,1.0,0,0,0.1930405211334475
110,70.29999999999995,90,2.0,0,0,0.1922683590489137
111,97.2500000000001,90,1.6666666666666667,0,0,0.19149928561271806
112,56.84999999999997,90,1.0,0,0,0.1907332884702672
113,78.05000000000005,90,1.0,0,0,0.18997035531638612
114,111.20000000000013,90,2.0,0,0,0.18921047389512058
115,70.65000000000002,90,1.3333333333333333,0,0,0.1884536319995401
116,91.55000000000013,90,2.0,0,0,0.18769981747154194
117,92.55000000000018,90,1.3333333333333333,0,0,0.18694901820165577
118,95.10000000000011,90,1.6666666666666667,0,0,0.18620122212884915
119,78.55000000000007,90,2.0,0,0,0.18545641724033377
120,108.75000000000034,90,1.0,0,0,0.18471459157137243
121,75.55000000000001,90,1.3333333333333333,0,0,0.18397573320508695
122,109.45000000000029,90,1.0,0,0,0.1832398302722666
123,100.60000000000014,90,2.3333333333333335,0,0,0.1825068709511775
124,80.80000000000011,90,1.6666666666666667,0,0,0.1817768434673728
125,49.64999999999994,90,1.3333333333333333,0,0,0.1810497360935033
126,114.50000000000003,90,2.0,0,0,0.1803255371491293
127,58.45000000000002,90,1.6666666666666667,0,0,0.17960423500053277
128,86.13999999999999,76,3.0,1,1,0.17888581806053064
129,120.65000000000006,90,1.6666666666666667,0,0,0.1781702747882885
130,111.40000000000012,90,1.6666666666666667,0,0,0.17745759368913536
131,58.79999999999996,90,1.0,0,0,0.1767477633143788
132,77.34999999999995,90,2.0,0,0,0.17604077226112128
133,86.59999999999995,90,2.3333333333333335,0,0,0.1753366091720768
134,91.90000000000005,90,2.0,0,0,0.17463526273538849
135,60.04999999999993,90,1.3333333333333333,0,0,0.17393672168444693
136,107.10000000000028,90,1.3333333333333333,0,0,0.17324097479770914
137,59.249999999999986,90,1.0,0,0,0.17254801089851832
138,90.05000000000005,90,2.6666666666666665,1,0,0.17185781885492424
139,96.15000000000028,90,2.3333333333333335,0,0,0.17117038757950453
140,99.55000000000014,90,1.6666666666666667,0,0,0.17048570602918653
141,84.29999999999998,90,2.0,0,0,0.1698037632050698
142,98.50000000000013,90,2.3333333333333335,0,0,0.1691245481522495
143,67.99999999999997,90,1.0,0,0,0.1684480499596405
144,97.80000000000007,90,2.3333333333333335,0,0,0.16777425775980193
145,104.25000000000009,90,1.0,0,0,0.16710316072876272
146,82.6000000000001,90,1.6666666666666667,0,0,0.16643474808584766
147,64.89999999999999,90,2.3333333333333335,0,0,0.16576900909350425
148,85.90000000000016,90,2.0,0,0,0.16510593305713023
149,118.00000000000011,90,1.3333333333333333,0,0,0.1644455093249017
150,118.40000000000018,90,1.3333333333333333,0,0,0.1637877272876021
151,109.95000000000007,90,2.0,0,0,0.1631325763784517
152,119.69000000000008,61,3.0,1,1,0.16248004607293787
153,122.45000000000012,90,1.3333333333333333,0,0,0.16183012588864612
154,125.15000000000022,90,2.0,0,0,0.16118280538509153
155,132.54999999999998,90,2.0,0,0,0.16053807416355115
156,88.90000000000009,90,2.0,0,0,0.15989592186689694
157,113.90000000000036,90,2.0,0,0,0.15925633817942936
158,88.35000000000007,90,2.0,0,0,0.15861931282671163
159,66.29999999999995,90,2.3333333333333335,0,0,0.15798483557540477
160,100.00000000000028,90,2.0,0,0,0.15735289623310314
161,104.85000000000011,90,2.3333333333333335,0,0,0.15672348464817074
162,76.20000000000002,90,2.0,0,0,0.15609659070957804
163,103.25000000000004,90,1.3333333333333333,0,0,0.15547220434673972
164,64.34999999999994,90,2.0,0,0,0.15485031552935277
165,82.9000000000001,90,1.6666666666666667,0,0,0.15423091426723537
166,53.34999999999999,90,2.0,0,0,0.15361399061016642
167,122.25,90,2.0,0,0,0.15299953464772575
168,79.91000000000001,39,3.0,1,1,0.15238753650913486
169,53.849999999999945,90,1.3333333333333333,0,0,0.15177798636309833
170,64.45,90,1.0,0,0,0.15117087441764593
171,83.80000000000003,90,2.0,0,0,0.15056619091997533
172,88.9000000000001,90,1.0,0,0,0.14996392615629545
173,77.89999999999998,90,2.0,0,0,0.14936407045167027
174,100.45000000000017,90,2.0,0,0,0.1487666141698636
175,69.5,40,3.0,1,1,0.14817154771318414
176,82.3500000000001,90,1.0,0,0,0.1475788615223314
177,79.45,90,2.0,0,0,0.1469885460762421
178,79.99999999999999,90,1.6666666666666667,0,0,0.14640059189193713
179,68.24999999999994,90,1.3333333333333333,0,0,0.1458149895243694
180,82.10000000000012,90,2.3333333333333335,0,0,0.14523172956627192
181,90.60000000000001,90,2.0,0,0,0.14465080264800684
182,111.65000000000039,90,1.0,0,0,0.1440721994374148
183,98.0,90,2.0,0,0,0.14349591063966516
184,98.54999999999998,90,2.3333333333333335,0,0,0.14292192699710649
185,105.15000000000005,90,2.0,0,0,0.14235023928911805
186,96.90000000000015,90,1.0,0,0,0.1417808383319616
187,106.40000000000008,90,1.3333333333333333,0,0,0.14121371497863375
188,79.09999999999995,90,2.0,0,0,0.14064886011871922
189,74.35000000000029,90,1.3333333333333333,0,0,0.14008626467824434
190,98.10000000000036,90,1.6666666666666667,0,0,0.13952591961953137
191,95.35000000000018,90,2.0,0,0,0.13896781594105323
192,155.70000000000016,90,3.0,1,1,0.138411944677289
193,144.45000000000005,90,2.0,0,0,0.13785829689857987
194,97.10000000000022,90,2.0,0,0,0.13730686371098555
195,103.55000000000014,90,1.0,0,0,0.1367576362561416
196,95.75000000000001,90,1.3333333333333333,0,0,0.13621060571111704
197,88.1,90,2.3333333333333335,0,0,0.13566576328827257
198,52.649999999999984,90,1.3333333333333333,0,0,0.13512310023511948
199,91.65000000000005,90,1.6666666666666667,0,0,0.134582607834179
200,108.90000000000015,90,1.6666666666666667,0,0,0.13404427740284228
201,56.84999999999996,90,1.0,0,0,0.1335081002932309
202,75.05000000000001,90,1.3333333333333333,0,0,0.13297406789205798
203,132.10000000000014,90,1.0,0,0,0.13244217162048974
204,116.30000000000024,90,1.6666666666666667,0,0,0.13191240293400777
205,80.95000000000002,90,2.0,0,0,0.13138475332227173
206,102.06999999999994,83,3.0,1,1,0.13085921430898265
207,87.35000000000001,90,1.6666666666666667,0,0,0.1303357774517467
208,61.24999999999997,90,1.6666666666666667,0,0,0.12981443434193973
209,81.69999999999997,90,2.0,0,0,0.12929517660457196
210,105.40000000000026,90,1.0,0,0,0.12877799589815367
211,71.64999999999995,90,2.0,0,0,0.12826288391456106
212,78.30000000000021,90,1.0,0,0,0.1277498323789028
213,87.60000000000011,90,1.0,0,0,0.12723883304938718
214,77.65,90,1.3333333333333333,0,0,0.12672987771718963
215,75.50000000000013,90,1.0,0,0,0.12622295820632087
216,79.65000000000012,90,1.3333333333333333,0,0,0.12571806637349558
217,121.70000000000009,90,2.0,0,0,0.1252151941080016
218,82.75000000000009,90,1.6666666666666667,0,0,0.1247143333315696
219,108.0000000000001,90,2.0,0,0,0.12421547599824333
220,107.30000000000021,90,2.3333333333333335,0,0,0.12371861409425035
221,57.34999999999995,90,1.3333333333333333,0,0,0.12322373963787335
222,90.15000000000008,90,2.0,0,0,0.12273084467932185
223,87.80000000000025,90,1.0,0,0,0.12223992130060457
224,108.95000000000012,90,1.6666666666666667,0,0,0.12175096161540215
225,102.80000000000003,90,2.0,0,0,0.12126395776894054
226,114.25000000000004,90,2.3333333333333335,0,0,0.12077890193786478
227,81.50000000000006,90,1.3333333333333333,0,0,0.12029578633011331
228,95.35000000000015,90,2.0,0,0,0.11981460318479285
229,108.7500000000002,90,1.3333333333333333,0,0,0.11933534477205368
230,127.90000000000015,90,1.3333333333333333,0,0,0.11885800339296547
231,101.75000000000014,90,1.0,0,0,0.1183825713793936
232,75.50000000000004,90,1.0,0,0,0.11790904109387602
233,149.19999999999987,90,2.0,0,0,0.11743740492950051
234,74.1,90,2.0,0,0,0.11696765530978251
235,77.8000000000002,90,1.0,0,0,0.11649978468854338
236,92.40000000000002,90,1.6666666666666667,0,0,0.11603378554978921
237,97.30000000000005,90,2.3333333333333335,0,0,0.11556965040759005
238,93.90000000000016,90,1.6666666666666667,0,0,0.11510737180595969
239,124.75000000000004,90,1.6666666666666667,0,0,0.11464694231873584
240,102.1000000000002,90,2.0,0,0,0.1141883545494609
241,136.9499999999999,90,1.6666666666666667,0,0,0.11373160113126306
242,127.00000000000013,90,2.3333333333333335,0,0,0.11327667472673801
243,82.75000000000001,90,2.3333333333333335,0,0,0.11282356802783106
244,150.59999999999994,90,2.0,0,0,0.11237227375571973
245,81.35000000000008,90,1.0,0,0,0.11192278466069686
246,95.15000000000019,90,2.0,0,0,0.11147509352205406
247,132.95000000000002,90,2.0,0,0,0.11102919314796585
248,118.35000000000018,90,1.0,0,0,0.11058507637537399
249,112.30000000000011,90,2.3333333333333335,0,0,0.11014273606987249
250,103.65000000000025,90,2.6666666666666665,1,0,0.109702165125593
251,103.55000000000018,90,1.0,0,0,0.10926335646509062
252,142.89999999999998,90,2.0,0,0,0.10882630303923026
253,123.95000000000014,90,2.0,0,0,0.10839099782707333
254,112.2000000000001,90,2.0,0,0,0.10795743383576503
255,117.40000000000008,90,1.6666666666666667,0,0,0.10752560410042197
256,98.95000000000019,90,1.0,0,0,0.10709550168402028
257,97.85000000000015,90,1.6666666666666667,0,0,0.1066671196772842
258,125.60000000000021,90,1.0,0,0,0.10624045119857507
259,121.4000000000002,90,1.3333333333333333,0,0,0.10581548939378077
260,107.15000000000012,90,2.3333333333333335,0,0,0.10539222743620565
261,85.40000000000035,90,1.3333333333333333,0,0,0.10497065852646083
262,62.849999999999966,90,2.3333333333333335,0,0,0.10455077589235498
263,111.15000000000023,90,1.3333333333333333,0,0,0.10413257278878556
264,84.85000000000002,90,2.0,0,0,0.10371604249763042
265,110.40000000000008,90,2.3333333333333335,0,0,0.1033011783276399
266,99.45000000000007,90,2.0,0,0,0.10288797361432933
267,107.35000000000012,90,1.6666666666666667,0,0,0.10247642171987201
268,97.10000000000015,90,1.6666666666666667,0,0,0.10206651603299252
269,71.94999999999996,90,1.3333333333333333,0,0,0.10165824996886055
270,110.95000000000013,90,2.0,0,0,0.10125161696898512
271,150.8499999999999,90,2.6666666666666665,1,0,0.10084661050110917
272,92.0000000000001,90,1.6666666666666667,0,0,0.10044322405910473
273,95.9,90,2.0,0,0,0.10004145116286832
274,103.5000000000002,90,1.0,0,0,0.09964128535821684
275,92.6000000000001,90,1.6666666666666667,0,0,0.09924272021678397
276,109.50000000000013,90,1.6666666666666667,0,0,0.09884574933591683
277,127.20000000000009,90,2.0,0,0,0.09845036633857317
278,78.60000000000011,90,1.6666666666666667,0,0,0.09805656487321887
279,87.64999999999998,90,2.0,0,0,0.09766433861372599
280,80.15000000000015,90,1.6666666666666667,0,0,0.09727368125927109
281,181.84999999999997,90,2.0,0,0,0.09688458653423401
282,121.50000000000023,90,1.3333333333333333,0,0,0.09649704818809708
283,143.6000000000002,90,1.6666666666666667,0,0,0.0961110599953447
284,84.84999999999998,90,1.6666666666666667,0,0,0.09572661575536331
285,127.55000000000024,90,2.0,0,0,0.09534370929234186
286,108.30000000000017,90,1.6666666666666667,0,0,0.09496233445517249
287,102.7500000000001,90,2.3333333333333335,0,0,0.0945824851173518
288,122.85000000000004,90,1.6666666666666667,0,0,0.0942041551768824
289,100.8500000000002,90,1.6666666666666667,0,0,0.09382733855617487
290,112.7000000000003,90,1.6666666666666667,0,0,0.09345202920195017
291,189.24999999999977,90,2.0,0,0,0.09307822108514237
292,80.49999999999994,90,2.3333333333333335,0,0,0.0927059082008018
293,106.25000000000007,90,1.6666666666666667,0,0,0.09233508456799859
294,143.88000000000017,77,3.0,1,1,0.0919657442297266
295,103.25000000000016,90,1.6666666666666667,0,0,0.0915978812528077
296,108.10000000000018,90,2.0,0,0,0.09123148972779646
297,122.15000000000006,90,2.0,0,0,0.09086656376888527
298,177.20000000000005,90,2.3333333333333335,0,0,0.09050309751380974
299,73.40000000000006,90,1.0,0,0,0.0901410851237545
300,96.40000000000009,90,2.3333333333333335,0,0,0.08978052078325949
301,99.10000000000024,90,1.6666666666666667,0,0,0.08942139870012646
302,103.00000000000017,90,2.0,0,0,0.08906371310532595
303,143.75,90,2.0,0,0,0.08870745825290464
304,108.25000000000014,90,1.0,0,0,0.08835262841989303
305,124.5000000000004,90,1.3333333333333333,0,0,0.08799921790621346
306,110.95000000000005,70,3.0,1,1,0.08764722103458861
307,136.35000000000008,90,2.0,0,0,0.08729663215045025
308,80.25000000000001,90,1.3333333333333333,0,0,0.08694744562184845
309,151.45000000000016,90,2.6666666666666665,1,0,0.08659965583936105
310,92.85000000000012,90,1.6666666666666667,0,0,0.0862532572160036
311,73.80000000000001,90,1.6666666666666667,0,0,0.08590824418713959
312,117.20000000000029,90,2.0,0,0,0.08556461121039104
313,74.14999999999999,90,1.6666666666666667,0,0,0.08522235276554947
314,121.0000000000002,90,2.3333333333333335,0,0,0.08488146335448728
315,86.80000000000007,90,1.6666666666666667,0,0,0.08454193750106932
316,65.50000000000004,90,1.3333333333333333,0,0,0.08420376975106504
317,80.74999999999997,65,3.0,1,1,0.08386695467206078
318,90.80000000000007,90,1.6666666666666667,0,0,0.08353148685337253
319,104.05000000000005,90,2.3333333333333335,0,0,0.08319736090595904
320,125.85000000000005,90,2.3333333333333335,0,0,0.08286457146233521
321,100.99999999999999,90,2.0,0,0,0.08253311317648587
322,132.82000000000014,88,3.0,1,1,0.08220298072377993
323,100.40000000000009,90,1.0,0,0,0.08187416880088481
324,110.4000000000001,90,2.6666666666666665,1,0,0.08154667212568127
325,93.90000000000005,90,1.3333333333333333,0,0,0.08122048543717855
326,115.75000000000013,90,1.3333333333333333,0,0,0.08089560349542983
327,101.75000000000014,90,1.6666666666666667,0,0,0.08057202108144812
328,112.3500000000001,90,2.0,0,0,0.08024973299712233
329,102.40000000000009,90,1.0,0,0,0.07992873406513384
330,113.45000000000013,90,2.0,0,0,0.0796090191288733
331,122.75000000000007,90,2.0,0,0,0.07929058305235781
332,142.7500000000002,90,2.6666666666666665,1,0,0.07897342072014837
333,95.45000000000007,90,2.0,0,0,0.07865752703726778
334,92.10000000000008,90,2.3333333333333335,0,0,0.07834289692911871
335,141.45000000000005,90,2.0,0,0,0.07802952534140223
336,115.55000000000001,90,2.3333333333333335,0,0,0.07771740724003662
337,128.1500000000003,90,1.3333333333333333,0,0,0.07740653761107646
338,68.35,90,2.0,0,0,0.07709691146063216
339,109.55000000000011,90,2.0,0,0,0.07678852381478964
340,91.50000000000006,90,1.6666666666666667,0,0,0.07648136971953047
341,94.95000000000014,90,2.0,0,0,0.07617544424065235
342,148.04999999999987,90,1.0,0,0,0.07587074246368974
343,134.64999999999995,90,1.3333333333333333,0,0,0.07556725949383498
344,137.30000000000015,90,1.6666666666666667,0,0,0.07526499045585965
345,106.20000000000003,90,1.6666666666666667,0,0,0.07496393049403621
346,119.05000000000015,90,2.3333333333333335,0,0,0.07466407477206007
347,131.64999999999995,90,2.0,0,0,0.07436541847297183
348,169.55000000000013,90,3.0,1,1,0.07406795679907995
349,70.50000000000018,90,1.3333333333333333,0,0,0.07377168497188362
350,138.40000000000015,90,2.0,0,0,0.07347659823199608
351,125.60000000000022,90,2.0,0,0,0.0731826918390681
352,103.45000000000014,90,1.0,0,0,0.07288996107171183
353,119.15000000000012,90,2.0,0,0,0.07259840122742499
354,65.99999999999993,90,1.6666666666666667,0,0,0.07230800762251528
355,103.00000000000014,90,1.0,0,0,0.07201877559202523
356,137.70000000000027,90,2.0,0,0,0.07173070048965713
357,116.30000000000027,90,2.0,0,0,0.0714437776876985
358,104.4500000000003,90,2.0,0,0,0.0711580025769477
359,101.80000000000005,90,1.3333333333333333,0,0,0.0708733705666399
360,89.2500000000001,90,1.3333333333333333,0,0,0.07058987708437335
361,106.10000000000022,90,1.0,0,0,0.07030751757603586
362,109.54999999999998,60,3.0,1,1,0.07002628750573171
363,98.40000000000006,90,1.3333333333333333,0,0,0.06974618235570879
364,134.1000000000001,90,2.0,0,0,0.06946719762628595
365,102.05000000000013,90,1.6666666666666667,0,0,0.0691893288357808
366,80.49999999999997,90,2.3333333333333335,0,0,0.06891257152043767
367,112.85000000000014,90,2.0,0,0,0.06863692123435591
368,134.90000000000015,90,2.6666666666666665,1,0,0.06836237354941849
369,140.90000000000015,90,1.0,0,0,0.06808892405522081
370,93.75000000000009,90,1.3333333333333333,0,0,0.06781656835899992
371,69.60000000000004,90,1.0,0,0,0.06754530208556392
372,106.10000000000015,90,1.3333333333333333,0,0,0.06727512087722166
373,99.10000000000001,90,1.6666666666666667,0,0,0.06700602039371278
374,119.75000000000024,90,2.0,0,0,0.06673799631213793
375,177.84999999999985,90,2.0,0,0,0.06647104432688938
376,154.3800000000002,87,3.0,1,1,0.06620516014958183
377,181.7999999999999,90,2.0,0,0,0.06594033950898351
378,107.90000000000005,90,2.3333333333333335,0,0,0.06567657815094757
379,82.0500000000002,90,1.6666666666666667,0,0,0.06541387183834378
380,80.14999999999999,90,1.3333333333333333,0,0,0.0651522163509904
381,137.05000000000015,90,2.0,0,0,0.06489160748558644
382,79.8000000000002,90,1.0,0,0,0.06463204105564409
383,77.45000000000007,90,1.6666666666666667,0,0,0.06437351289142151
384,91.25000000000009,90,1.3333333333333333,0,0,0.06411601883985582
385,127.20000000000022,90,2.3333333333333335,0,0,0.0638595547644964
386,100.5000000000001,90,2.0,0,0,0.0636041165454384
387,102.30000000000013,90,2.0,0,0,0.06334970007925665
388,149.54999999999967,90,1.6666666666666667,0,0,0.06309630127893963
389,110.90000000000009,90,2.0,0,0,0.06284391607382386
390,106.58000000000001,42,3.0,1,1,0.06259254040952857
391,133.95000000000013,70,3.0,1,1,0.062342170247890454
392,134.30000000000024,90,1.3333333333333333,0,0,0.06209280156689889
393,148.95000000000016,90,2.6666666666666665,1,0,0.061844430360631295
394,121.80000000000028,90,2.0,0,0,0.06159705263918877
395,111.4000000000002,90,2.0,0,0,0.06135066442863202
396,116.35000000000028,90,1.6666666666666667,0,0,0.06110526177091749
397,162.89999999999986,90,2.0,0,0,0.06086084072383382
398,112.05000000000013,90,2.3333333333333335,0,0,0.060617397360938484
399,94.55000000000001,90,1.6666666666666667,0,0,0.06037492777149473
400,198.4999999999999,90,1.6666666666666667,0,0,0.06013342806040875
401,126.00000000000018,90,2.0,0,0,0.059892894348167115
402,156.54999999999987,90,1.0,0,0,0.059653322770774446
403,124.45000000000023,90,2.6666666666666665,1,0,0.059414709479691345
404,102.65000000000012,90,1.6666666666666667,0,0,0.05917705064177258
405,121.25000000000014,90,1.3333333333333333,0,0,0.05894034243920549
406,138.0500000000003,90,1.0,0,0,0.05870458106944867
407,133.60000000000028,90,2.3333333333333335,0,0,0.05846976274517087
408,160.65000000000015,90,2.0,0,0,0.05823588369419019
409,102.30000000000011,90,2.0,0,0,0.05800294015941342
410,99.9000000000002,90,1.6666666666666667,0,0,0.05777092839877577
411,105.70000000000013,90,1.3333333333333333,0,0,0.05753984468518066
412,153.49999999999997,90,1.3333333333333333,0,0,0.05730968530643994
413,140.7500000000001,90,1.6666666666666667,0,0,0.05708044656521418
414,143.19999999999996,90,1.6666666666666667,0,0,0.05685212477895332
415,42.69999999999998,90,1.0,0,0,0.056624716279837506
416,112.20000000000005,90,2.0,0,0,0.056398217414718156
417,139.45000000000022,90,1.3333333333333333,0,0,0.05617262454505929
418,119.10000000000012,90,2.0,0,0,0.05594793404687905
419,139.40000000000003,90,1.3333333333333333,0,0,0.05572414231069153
420,143.19999999999993,90,2.0,0,0,0.05550124574144877
421,93.75000000000018,90,1.0,0,0,0.05527924075848297
422,90.85000000000002,90,1.6666666666666667,0,0,0.05505812379544904
423,140.00000000000017,90,2.0,0,0,0.05483789130026724
424,84.50000000000007,90,2.0,0,0,0.054618539735066175
425,114.40000000000023,90,1.6666666666666667,0,0,0.05440006557612591
426,118.75000000000017,90,2.0,0,0,0.054182465313821405
427,166.95000000000002,90,1.3333333333333333,0,0,0.05396573545256612
428,101.70000000000009,90,1.0,0,0,0.05374987251075585
429,158.15000000000012,65,3.0,1,1,0.05353487302071283
430,113.55000000000008,90,2.0,0,0,0.05332073352862998
431,64.7,90,1.0,0,0,0.053107450594515465
432,135.2000000000001,90,2.3333333333333335,0,0,0.052895020792137405
433,91.40000000000002,90,1.6666666666666667,0,0,0.052683440708968854
434,116.90000000000018,90,1.6666666666666667,0,0,0.05247270694613298
435,112.45000000000036,90,2.0,0,0,0.052262816118348446
436,144.8500000000001,90,2.0,0,0,0.05205376485387505
437,104.55000000000003,90,2.6666666666666665,1,0,0.05184554979445955
438,132.45000000000002,90,2.3333333333333335,0,0,0.05163816759528171
439,120.40000000000028,90,2.0,0,0,0.05143161492490059
440,160.39999999999998,90,2.3333333333333335,0,0,0.051225888465200986
441,110.75000000000027,90,1.0,0,0,0.05102098491134018
442,151.5999999999999,90,1.6666666666666667,0,0,0.05081690097169482
443,156.20000000000002,90,2.3333333333333335,0,0,0.05061363336780804
444,125.90000000000019,90,1.0,0,0,0.05041117883433681
445,109.30000000000003,90,2.0,0,0,0.05020953411899946
446,119.45000000000006,90,2.0,0,0,0.050008695982523464
447,94.55000000000001,90,1.6666666666666667,0,0,0.05
448,100.75,90,2.3333333333333335,0,0,0.05
449,107.15000000000023,90,2.3333333333333335,0,0,0.05
450,122.20000000000037,90,2.0,0,0,0.05
451,139.55000000000004,90,2.0,0,0,0.05
452,124.45000000000017,90,1.6666666666666667,0,0,0.05
453,142.96000000000018,54,3.0,1,1,0.05
454,118.70000000000013,90,1.6666666666666667,0,0,0.05
455,144.60000000000014,90,1.3333333333333333,0,0,0.05
456,139.95000000000027,90,2.3333333333333335,0,0,0.05
457,77.59999999999997,90,2.3333333333333335,0,0,0.05
458,151.70000000000002,90,2.6666666666666665,1,0,0.05
459,152.6000000000001,90,2.6666666666666665,1,0,0.05
460,132.95000000000016,90,1.6666666666666667,0,0,0.05
461,153.30000000000013,90,2.3333333333333335,0,0,0.05
462,114.00000000000001,90,1.6666666666666667,0,0,0.05
463,144.8,90,2.0,0,0,0.05
464,159.04999999999998,90,1.0,0,0,0.05
465,127.70000000000019,90,1.0,0,0,0.05
466,161.0,90,2.0,0,0,0.05
467,160.39999999999995,90,2.0,0,0,0.05
468,106.45000000000012,90,2.0,0,0,0.05
469,111.50000000000009,90,1.3333333333333333,0,0,0.05
470,104.20000000000003,90,1.6666666666666667,0,0,0.05
471,160.35000000000002,90,2.0,0,0,0.05
472,137.9,90,1.3333333333333333,0,0,0.05
473,111.50000000000038,90,1.3333333333333333,0,0,0.05
474,154.14999999999992,90,2.0,0,0,0.05
475,81.95000000000013,90,1.6666666666666667,0,0,0.05
476,107.50000000000016,90,1.6666666666666667,0,0,0.05
477,147.60000000000002,90,1.0,0,0,0.05
478,131.3499999999999,90,2.0,0,0,0.05
479,98.75000000000004,90,1.3333333333333333,0,0,0.05
480,67.90000000000016,90,1.6666666666666667,0,0,0.05
481,125.70000000000034,90,1.3333333333333333,0,0,0.05
482,120.65000000000026,90,2.3333333333333335,0,0,0.05
483,130.70000000000033,90,1.6666666666666667,0,0,0.05
484,130.35000000000005,90,2.0,0,0,0.05
485,129.35000000000016,90,2.3333333333333335,0,0,0.05
486,102.50000000000021,90,2.0,0,0,0.05
487,109.15000000000009,90,1.6666666666666667,0,0,0.05
488,156.2000000000001,90,1.6666666666666667,0,0,0.05
489,117.60000000000005,90,2.0,0,0,0.05
490,159.94999999999996,90,2.3333333333333335,0,0,0.05
491,114.2500000000001,90,1.3333333333333333,0,0,0.05
492,126.20000000000034,90,2.0,0,0,0.05
493,188.29999999999995,90,2.0,0,0,0.05
494,126.60000000000016,90,1.3333333333333333,0,0,0.05
495,136.07000000000014,83,3.0,1,1,0.05
496,166.25,90,2.3333333333333335,0,0,0.05
497,67.50000000000011,90,1.3333333333333333,0,0,0.05
498,134.75000000000023,90,1.6666666666666667,0,0,0.05
499,140.39999999999998,90,2.6666666666666665,1,0,0.05
500,139.76000000000013,74,3.0,1,1,0.05
501,124.30000000000011,90,2.3333333333333335,0,0,0.05
502,161.99999999999994,90,1.3333333333333333,0,0,0.05
503,137.34999999999988,90,1.6666666666666667,0,0,0.05
504,164.49000000000018,86,3.0,1,1,0.05
505,161.45000000000013,90,2.3333333333333335,0,0,0.05
506,109.70000000000005,90,2.0,0,0,0.05
507,159.1500000000002,90,2.3333333333333335,0,0,0.05
508,114.05000000000027,90,1.3333333333333333,0,0,0.05
509,158.14999999999992,90,2.3333333333333335,0,0,0.05
510,118.00000000000028,90,2.0,0,0,0.05
511,143.30000000000013,90,2.0,0,0,0.05
512,137.69999999999993,90,2.3333333333333335,0,0,0.05
513,78.90000000000009,90,1.3333333333333333,0,0,0.05
514,153.35000000000002,90,2.0,0,0,0.05
515,111.60000000000012,90,2.0,0,0,0.05
516,185.0499999999999,90,1.6666666666666667,0,0,0.05
517,103.67999999999998,67,3.0,1,1,0.05
518,136.85000000000008,90,2.0,0,0,0.05
519,145.1000000000002,90,1.6666666666666667,0,0,0.05
520,128.00000000000023,90,2.0,0,0,0.05
521,106.80000000000017,90,2.3333333333333335,0,0,0.05
522,149.4500000000001,90,2.0,0,0,0.05
523,167.69999999999993,90,2.0,0,0,0.05
524,149.50000000000009,90,2.0,0,0,0.05
525,159.69999999999982,90,1.6666666666666667,0,0,0.05
526,86.70000000000014,90,1.3333333333333333,0,0,0.05
527,157.80000000000004,90,2.0,0,0,0.05
528,132.70000000000027,90,1.3333333333333333,0,0,0.05
529,158.2000000000001,90,2.0,0,0,0.05
530,161.09999999999988,90,1.3333333333333333,0,0,0.05
531,158.0,90,2.3333333333333335,0,0,0.05
532,112.40000000000023,90,1.6666666666666667,0,0,0.05
533,197.45,90,2.0,0,0,0.05
534,166.7,90,2.0,0,0,0.05
535,150.20000000000016,90,2.3333333333333335,0,0,0.05
536,144.82000000000016,78,3.0,1,1,0.05
537,126.60000000000011,90,1.6666666666666667,0,0,0.05
538,114.9500000000001,90,2.3333333333333335,0,0,0.05
539,118.15000000000032,90,1.6666666666666667,0,0,0.05
540,103.40000000000036,90,1.3333333333333333,0,0,0.05
541,129.15000000000006,90,2.3333333333333335,0,0,0.05
542,168.84999999999977,90,1.6666666666666667,0,0,0.05
543,161.79999999999993,90,1.3333333333333333,0,0,0.05
544,127.85000000000018,90,2.0,0,0,0.05
545,145.89000000000004,71,3.0,1,1,0.05
546,99.40000000000003,90,2.0,0,0,0.05
547,134.00000000000009,90,1.6666666666666667,0,0,0.05
548,154.92000000000021,73,3.0,1,1,0.05
549,139.95,90,1.6666666666666667,0,0,0.05
550,129.85000000000008,90,1.3333333333333333,0,0,0.05
551,121.50000000000024,90,2.0,0,0,0.05
552,145.65000000000012,90,1.0,0,0,0.05
553,143.1499999999998,90,1.3333333333333333,0,0,0.05
554,109.85000000000018,90,1.6666666666666667,0,0,0.05
555,136.1000000000001,90,1.0,0,0,0.05
556,102.95000000000017,90,1.3333333333333333,0,0,0.05
557,124.95000000000023,90,2.6666666666666665,1,0,0.05
558,134.85000000000005,90,1.3333333333333333,0,0,0.05
559,115.45000000000014,90,1.6666666666666667,0,0,0.05
560,128.20000000000016,90,1.0,0,0,0.05
561,138.8000000000002,90,1.6666666666666667,0,0,0.05
562,48.52,18,3.0,1,1,0.05
563,67.25000000000003,90,1.3333333333333333,0,0,0.05
564,181.59999999999997,90,2.3333333333333335,0,0,0.05
565,92.8500000000001,90,1.6666666666666667,0,0,0.05
566,73.00000000000006,90,1.0,0,0,0.05
567,154.25000000000006,90,2.3333333333333335,0,0,0.05
568,88.75000000000009,90,1.6666666666666667,0,0,0.05
569,132.8499999999999,90,1.0,0,0,0.05
570,156.95000000000002,90,1.6666666666666667,0,0,0.05
571,144.05000000000015,90,1.6666666666666667,0,0,0.05
572,114.20000000000037,90,1.6666666666666667,0,0,0.05
573,146.74999999999972,90,1.3333333333333333,0,0,0.05
574,126.80000000000011,90,2.0,0,0,0.05
575,127.30000000000027,90,2.0,0,0,0.05
576,82.20000000000003,90,2.0,0,0,0.05
577,213.35999999999996,89,3.0,1,1,0.05
578,161.14999999999978,90,1.0,0,0,0.05
579,100.64999999999999,90,1.6666666666666667,0,0,0.05
580,131.25000000000006,90,2.3333333333333335,0,0,0.05
581,165.79999999999984,90,2.0,0,0,0.05
582,122.40000000000023,90,1.3333333333333333,0,0,0.05
583,148.20000000000007,90,2.0,0,0,0.05
584,200.49999999999986,90,2.0,0,0,0.05
585,121.60000000000005,90,2.0,0,0,0.05
586,122.70000000000024,90,1.3333333333333333,0,0,0.05
587,96.40000000000018,90,1.3333333333333333,0,0,0.05
588,120.70000000000009,90,2.0,0,0,0.05
589,78.95000000000003,90,1.3333333333333333,0,0,0.05
590,165.2999999999999,90,2.3333333333333335,0,0,0.05
591,127.65000000000026,90,2.0,0,0,0.05
592,95.05000000000008,90,1.3333333333333333,0,0,0.05
593,94.30000000000028,90,1.0,0,0,0.05
594,162.8000000000001,90,2.6666666666666665,1,0,0.05
595,117.82,73,3.0,1,1,0.05
596,129.00000000000023,90,2.3333333333333335,0,0,0.05
597,175.69999999999987,90,2.0,0,0,0.05
598,107.2500000000002,90,1.3333333333333333,0,0,0.05
599,114.10000000000008,90,1.3333333333333333,0,0,0.05
